"Sex","Class","Survival rate %" 
female,1,96.808511
female,2,92.105263
female,3,50.000000
male,1,36.885246
male,2,15.740741
male,3,13.544669
